,City,Cloudiness,Country,Date,Humidity,Lat,Long,Max Temperature,Wind Speed
0,Alexandria,0,RO,1566696138,49,43.97,25.33,72.74,9.33
1,Ponta do Sol,0,BR,1566696208,56,-20.63,-46.0,61.4,4.45
2,Tuensang,11,IN,1566696210,92,26.24,94.81,72.02,2.51
3,Pochutla,75,MX,1566696211,74,15.74,-96.47,86.0,2.04
4,Ushuaia,40,AR,1566696213,70,-54.81,-68.31,42.8,3.36
5,New Norfolk,40,AU,1566695918,53,-42.78,147.06,52.0,11.41
6,Hermanus,0,ZA,1566696215,86,-34.42,19.24,55.99,5.01
7,Tuktoyaktuk,90,CA,1566696217,93,69.44,-133.03,42.8,21.92
8,Chumikan,100,RU,1566696218,87,54.72,135.31,48.98,4.45
9,Sabang,100,PH,1566696219,82,13.8,121.11,84.0,1.99
10,Hithadhoo,100,MV,1566696201,70,-0.6,73.08,82.46,8.01
11,Shenjiamen,76,CN,1566696222,82,29.96,122.3,83.36,19.89
12,Ulladulla,40,AU,1566696223,55,-35.36,150.48,61.0,13.87
13,Kudahuvadhoo,100,MV,1566696069,69,2.67,72.89,82.46,8.7
14,Chilliwack,75,CA,1566696226,60,49.17,-121.95,70.0,9.17
15,Guerrero Negro,34,MX,1566695941,75,27.97,-114.04,76.88,8.3
16,Alpena,1,US,1566695968,71,45.06,-83.43,63.0,3.36
17,Punta Arenas,0,CL,1566696230,80,-53.16,-70.91,41.0,14.99
18,Jamestown,28,AU,1566696231,66,-33.21,138.6,46.82,8.12
19,Saldanha,97,PT,1566696232,42,41.42,-6.55,70.94,2.01
20,Narsaq,83,GL,1566696234,29,60.91,-46.05,51.8,20.8
21,Guilin,0,CN,1566696235,62,25.28,110.29,87.8,8.95
22,Isangel,75,VU,1566696236,60,-19.55,169.27,71.6,10.29
23,Lokosovo,100,RU,1566696238,85,61.13,74.84,48.44,21.74
24,Nikolskoye,6,RU,1566696239,87,59.7,30.79,55.0,4.47
25,Mandurah,99,AU,1566696240,66,-32.55,115.7,57.0,8.05
26,Albany,75,US,1566696007,60,42.65,-73.75,68.0,6.93
27,Kapaa,90,US,1566696243,66,22.08,-159.32,89.6,13.87
28,Bredasdorp,0,ZA,1566696163,87,-34.53,20.04,48.2,5.82
29,Rikitea,84,PF,1566696246,70,-23.12,-134.97,69.68,21.83
30,Leo,100,BF,1566696247,93,11.1,-2.1,71.3,9.66
31,Sao Joao da Barra,32,BR,1566696248,94,-21.64,-41.05,64.46,3.78
32,Soyo,55,AO,1566696250,87,-6.13,12.37,71.66,11.83
33,Mataura,66,NZ,1566696251,96,-46.19,168.86,48.0,4.0
34,Vaini,40,IN,1566696252,94,15.34,74.49,69.8,4.7
35,Dispur,75,IN,1566696254,94,26.14,91.79,82.4,2.35
36,Praia da Vitoria,20,PT,1566696255,77,38.73,-27.07,69.8,15.59
37,Nanortalik,100,GL,1566696256,79,60.14,-45.24,42.5,2.62
38,Severo-Kurilsk,100,RU,1566696258,91,50.68,156.12,48.26,38.7
39,Zhangye,59,CN,1566696259,38,38.94,100.46,68.6,2.17
40,Cherskiy,71,RU,1566696260,32,68.75,161.3,67.52,3.89
41,Port Elizabeth,20,US,1566696262,82,39.31,-74.98,71.01,1.03
42,Kaitangata,62,NZ,1566696263,59,-46.28,169.85,54.0,8.01
43,Hobart,40,AU,1566696018,53,-42.88,147.33,52.0,11.41
44,Eureka,1,US,1566696266,67,40.8,-124.16,70.0,6.93
45,Spring Hill,1,US,1566696268,74,28.46,-82.54,88.0,4.7
46,Yulara,0,AU,1566696269,48,-25.24,130.99,62.6,12.75
47,Hasaki,20,JP,1566696189,61,35.73,140.83,84.99,8.05
48,Airai,11,TL,1566696272,45,-8.93,125.41,78.5,0.89
49,Hilo,90,US,1566696273,66,19.71,-155.08,84.2,8.05
50,Toora-Khem,100,RU,1566696274,95,52.47,96.11,45.74,3.09
51,Mar del Plata,100,AR,1566696276,61,-46.43,-67.52,50.42,10.27
52,Samarai,75,PG,1566696277,82,-10.62,150.67,75.62,7.38
53,Umm Kaddadah,3,SD,1566696279,55,13.6,26.69,81.74,8.86
54,Hulan,0,IR,1566696280,35,34.23,47.18,66.2,3.36
55,Jieshi,100,CN,1566696282,85,22.82,115.83,82.99,3.0
56,Georgetown,20,GY,1566696283,78,6.8,-58.16,82.4,9.17
57,Kodiak,90,US,1566696284,73,39.95,-94.76,72.0,11.41
58,Palmeirais,51,BR,1566696286,38,-5.97,-43.06,76.16,3.15
59,Moose Factory,1,CA,1566696025,64,51.26,-80.61,68.0,3.36
60,Katherine,63,AU,1566696209,41,-14.47,132.26,78.8,3.36
61,Nizhniy Odes,100,RU,1566696290,98,63.64,54.86,44.12,5.12
62,Buchanan,75,LR,1566696291,94,5.88,-10.05,77.0,4.7
63,Nantucket,40,US,1566696249,82,41.28,-70.1,66.99,11.41
64,Saint George,0,GR,1566696098,56,39.45,22.34,80.01,0.76
65,Laguna,20,BZ,1566696295,83,16.17,-88.94,82.4,5.77
66,East London,0,ZA,1566696172,33,-33.02,27.91,62.12,6.13
67,Cape Town,40,ZA,1566696122,93,-33.93,18.42,57.99,10.29
68,Puerto Narino,75,CO,1566696299,100,-3.77,-70.38,71.6,2.53
69,Avarua,65,CK,1566696120,74,-21.21,-159.78,78.8,12.75
70,Lakatoro,86,VU,1566696302,68,-16.11,167.42,74.54,16.84
71,Bluff,5,AU,1566696303,53,-23.58,149.07,67.34,5.12
72,Longyearbyen,75,NO,1566696304,80,78.22,15.63,39.2,5.82
73,Polyarnyy,75,RU,1566696305,93,69.2,33.45,42.8,4.47
74,Castro,20,CL,1566696168,93,-42.48,-73.76,44.6,4.7
75,Hami,100,CN,1566696308,30,42.84,93.51,74.36,21.03
76,Salinopolis,16,BR,1566696309,79,-0.61,-47.36,81.02,16.58
77,Usinsk,93,RU,1566696311,84,66.0,57.56,43.58,8.41
78,Lompoc,1,US,1566696168,73,34.64,-120.46,80.01,11.41
79,Ippy,100,CF,1566696316,98,6.26,21.2,68.78,4.65
80,Cayenne,0,GF,1566696318,94,4.94,-52.33,77.0,2.53
81,Necochea,53,AR,1566696319,73,-38.55,-58.74,50.0,15.01
82,Port Augusta,1,AU,1566696320,66,-32.49,137.76,53.6,11.41
83,Seminole,1,US,1566696322,35,32.72,-102.64,91.0,11.41
84,Petropavlovsk-Kamchatskiy,90,RU,1566696323,100,53.05,158.65,50.0,6.71
85,Chokurdakh,100,RU,1566696190,90,70.62,147.9,54.56,12.01
86,Pokhara,100,NP,1566696084,86,28.21,83.99,55.82,2.37
87,Half Moon Bay,20,US,1566696327,72,37.46,-122.43,80.01,19.46
88,Qaqortoq,83,GL,1566696328,29,60.72,-46.03,51.8,20.8
89,Mahuva,96,IN,1566696329,79,21.09,71.76,77.96,6.17
90,Barrow,33,AR,1566696331,76,-38.31,-60.23,52.58,10.76
91,Ombessa,100,CM,1566696332,99,4.6,11.26,66.8,1.5
92,Sorland,100,NO,1566696247,91,67.67,12.69,52.76,21.05
93,Gat,40,SN,1566696335,83,14.69,-16.54,82.4,5.82
94,Kostomuksha,40,RU,1566696336,95,64.59,30.6,46.28,3.06
95,Vila Franca do Campo,75,PT,1566696063,94,37.72,-25.43,71.01,11.41
96,Mount Gambier,40,AU,1566696339,71,-37.83,140.78,51.8,10.29
97,Tura,43,RU,1566696340,64,64.27,100.22,57.8,4.05
98,Kamina,0,CD,1566696341,39,-8.74,25.0,64.64,2.84
99,Saskylakh,46,RU,1566696342,74,71.97,114.09,52.76,4.9
100,Chuy,97,UY,1566696165,80,-33.69,-53.46,52.58,9.93
101,Mehamn,75,NO,1566696225,93,71.03,27.85,39.2,4.7
102,Bukan,0,IR,1566696168,66,36.52,46.21,60.5,0.94
103,Upernavik,98,GL,1566696348,64,72.79,-56.15,43.22,12.01
104,Beringovskiy,52,RU,1566696349,58,63.05,179.32,63.92,6.62
105,Thompson,90,CA,1566696350,93,55.74,-97.86,66.2,8.05
106,Saint-Philippe,1,CA,1566696185,93,45.36,-73.48,68.0,4.92
107,Busselton,70,AU,1566696353,98,-33.64,115.35,48.99,11.34
108,Mahebourg,75,MU,1566696354,88,-20.41,57.7,69.8,14.99
109,Butembo,8,CD,1566696356,93,0.12,29.29,60.5,3.22
110,Shitanjing,19,CN,1566696357,46,39.23,106.34,72.38,2.46
111,Porto Belo,20,BR,1566696358,76,-27.15,-48.54,57.2,2.24
112,Orebro,50,SE,1566696206,87,59.27,15.21,54.0,2.28
113,Qaanaaq,100,GL,1566696361,92,77.48,-69.36,34.58,12.84
114,Sinnamary,12,GF,1566696362,70,5.38,-52.96,82.64,7.49
115,Vanimo,100,PG,1566696363,72,-2.67,141.3,82.28,4.09
116,Altay,0,CN,1566696365,62,47.83,88.13,44.66,2.37
117,Derzhavinsk,100,KZ,1566696366,36,51.1,66.31,67.34,7.52
118,Pevek,0,RU,1566696367,75,69.7,170.27,43.58,5.61
119,Bethel,75,US,1566696369,48,60.79,-161.76,62.6,6.93
120,Butaritari,87,KI,1566696370,71,3.07,172.79,84.26,7.07
121,Tocopilla,5,CL,1566696371,87,-22.09,-70.2,56.36,3.83
122,Cabo San Lucas,20,MX,1566696349,78,22.89,-109.91,87.01,3.36
123,Maldonado,0,UY,1566696374,81,-34.91,-54.96,53.6,8.05
124,Dorchester,75,CA,1566696375,81,45.9,-64.52,55.99,2.24
125,Oum Hadjer,51,TD,1566696377,76,13.3,19.7,79.4,8.9
126,Bensonville,75,LR,1566696378,94,6.45,-10.61,77.0,4.7
127,Alim,97,CF,1566696379,99,6.02,14.65,63.02,1.99
128,Cidreira,0,BR,1566696212,74,-30.17,-50.22,56.9,10.18
129,Isiro,13,CD,1566696382,99,2.77,27.62,66.26,1.34
130,Semnan,0,IR,1566696384,12,35.58,53.39,73.4,5.61
131,Darhan,54,MN,1566696385,86,49.49,105.92,55.46,1.52
132,Vuktyl,100,RU,1566696387,92,63.86,57.31,45.2,7.38
133,Norrtalje,40,SE,1566696388,100,59.76,18.7,62.01,5.82
134,Grindavik,75,IS,1566696389,81,63.84,-22.43,50.0,3.36
135,Kamiiso,75,JP,1566696391,68,41.82,140.65,71.6,10.29
136,Daru,100,PG,1566696392,75,-9.07,143.21,77.78,9.42
137,Qasigiannguit,20,GL,1566696393,39,68.82,-51.19,44.6,5.82
138,San Ignacio,41,PE,1566696395,92,-5.15,-79.0,61.22,2.55
139,Los Llanos de Aridane,0,ES,1566696396,88,28.66,-17.92,73.4,14.99
140,Campohermoso,0,ES,1566696397,69,36.94,-2.13,77.0,5.82
141,Puerto Ayora,0,EC,1566696399,69,-0.74,-90.35,77.0,11.41
142,Jahanabad,0,IR,1566696400,21,33.86,48.17,69.8,4.7
143,Jhang,40,PK,1566696401,88,33.67,72.7,82.99,6.93
144,Mitchell,1,US,1566696387,68,43.71,-98.03,71.6,13.87
145,Kongolo,97,CD,1566696404,34,-5.39,27.0,78.32,5.73
146,Cove,40,US,1566696406,88,29.8,-94.84,88.0,3.36
147,Faanui,28,PF,1566696407,65,-16.48,-151.75,78.14,7.45
148,Bartica,0,GY,1566696408,100,6.41,-58.62,73.4,4.7
149,Berlevag,75,NO,1566696409,93,70.86,29.09,39.2,4.7
150,Ilulissat,20,GL,1566696411,39,69.22,-51.1,44.6,5.82
151,Graaff-Reinet,0,ZA,1566696412,21,-32.25,24.53,61.04,4.47
152,Kristianstad,90,SE,1566696414,100,56.03,14.16,60.01,1.12
153,Talcahuano,90,CL,1566696415,100,-36.72,-73.12,51.8,5.82
154,Arraial do Cabo,33,BR,1566696416,81,-22.97,-42.02,67.52,4.12
155,Port Blair,75,IN,1566696418,94,11.67,92.75,77.0,11.41
156,Zhanaozen,18,KZ,1566696419,22,43.35,52.85,72.74,8.9
157,Yellowknife,40,CA,1566696318,63,62.45,-114.38,62.6,7.96
158,Neiafu,90,TO,1566696422,83,-18.65,-173.98,73.4,3.36
159,Atuona,1,PF,1566696423,72,-9.8,-139.03,79.4,13.73
160,Reading,75,US,1566696424,68,40.34,-75.93,66.2,3.36
161,Kruisfontein,0,ZA,1566696426,47,-34.0,24.73,56.18,6.13
162,Havelock,90,US,1566696427,88,34.88,-76.9,75.2,12.75
163,Contai,100,IN,1566696428,92,21.78,87.75,77.96,4.12
164,Itarema,0,BR,1566696430,78,-2.92,-39.92,75.98,10.67
165,Lebu,3,ET,1566696172,84,8.96,38.73,51.86,2.93
166,Hirara,75,JP,1566696432,79,24.8,125.28,87.8,18.34
167,Ancud,20,CL,1566696434,93,-41.87,-73.83,44.6,4.7
168,Constitucion,90,MX,1566696435,46,23.99,-104.67,71.6,10.29
169,Ribeira Grande,30,PT,1566696171,79,38.52,-28.7,69.32,17.07
170,Zhigansk,61,RU,1566696438,62,66.77,123.37,58.16,5.39
171,Hovd,75,NO,1566696439,77,63.83,10.7,63.0,9.17
172,Ouesso,100,CG,1566696440,98,1.61,16.05,69.5,3.67
173,Lata,97,IN,1566696442,97,30.78,78.62,44.84,1.59
174,Dubbo,0,AU,1566696273,20,-32.25,148.6,66.2,3.36
175,Maragogi,15,BR,1566696444,96,-9.01,-35.22,68.6,3.06
176,Geraldton,75,CA,1566696180,59,49.72,-86.95,62.6,13.87
177,Christchurch,5,NZ,1566696156,42,-43.53,172.64,66.0,11.41
178,Bafoulabe,100,ML,1566696448,97,13.81,-10.83,73.46,4.81
179,Shakawe,0,BW,1566696450,21,-18.36,21.84,53.12,5.7
180,Westport,1,US,1566696203,56,41.14,-73.36,71.01,3.83
181,Lazaro Cardenas,75,MX,1566696219,54,28.39,-105.62,78.8,9.17
182,Katsuura,75,JP,1566696454,54,33.93,134.5,82.4,6.93
183,Vizinga,100,RU,1566696455,99,61.08,50.08,51.86,1.95
184,Provideniya,44,RU,1566696208,48,64.42,-173.23,55.46,5.17
185,Iskateley,84,RU,1566696458,89,67.68,53.15,42.5,8.95
186,Ayna,0,ES,1566696459,82,38.55,-2.07,68.0,3.36
187,Bambanglipuro,76,ID,1566696264,85,-7.95,110.28,73.64,4.38
188,Eirunepe,43,BR,1566696462,60,-6.66,-69.87,79.58,1.95
189,Arlit,100,NE,1566696463,63,18.74,7.39,78.5,22.41
190,Ardakan,0,IR,1566696464,21,32.31,54.02,69.8,2.24
191,Turukhansk,100,RU,1566696466,84,65.8,87.96,56.18,12.57
192,Esperance,92,AU,1566696467,66,-33.86,121.89,51.8,8.05
193,Kachiry,93,KZ,1566696468,78,53.07,76.1,57.26,5.66
194,Porto Novo,75,BR,1566696470,82,-23.68,-45.44,59.0,8.05
195,Rawson,36,AR,1566696472,50,-43.3,-65.11,56.0,26.8
196,Karratha,0,AU,1566696473,32,-20.74,116.85,72.2,3.74
197,Merauke,72,ID,1566696474,81,-8.49,140.4,75.8,16.67
198,Izyum,0,UA,1566696476,71,49.21,37.25,63.2,8.86
199,Kharp,100,RU,1566696477,98,66.82,65.8,33.5,5.95
200,Svetlaya,100,RU,1566696478,97,46.54,138.33,50.78,1.45
201,Butka,25,RU,1566696480,94,56.72,63.78,49.16,3.89
202,Kieta,12,PG,1566696482,68,-6.22,155.63,82.1,3.36
203,Srednekolymsk,99,RU,1566696214,55,67.46,153.71,69.86,6.15
204,Norman Wells,75,CA,1566696192,71,65.28,-126.83,51.8,9.17
205,Lagunas,44,PE,1566696486,79,-5.23,-75.68,76.88,1.32
206,Velingara,20,SN,1566696488,83,13.64,-16.01,82.4,9.17
207,Fairbanks,1,US,1566696194,36,64.84,-147.72,60.8,4.7
208,Bambous Virieux,75,MU,1566696490,88,-20.34,57.76,69.8,14.99
209,Nago,20,IT,1566696491,83,45.88,10.89,73.99,3.36
210,Rocha,100,UY,1566696446,89,-34.48,-54.34,47.36,7.99
211,Sao Gabriel da Cachoeira,81,BR,1566696495,91,-0.13,-67.09,75.26,2.77
212,Stillwater,20,US,1566696496,70,36.12,-97.06,84.2,6.93
213,Kavieng,34,PG,1566696498,78,-2.57,150.8,83.0,13.38
214,Santa Isabel do Rio Negro,32,BR,1566696499,69,-0.41,-65.02,79.76,2.46
215,Aitape,96,PG,1566696501,73,-3.15,142.36,82.82,2.26
216,Gernsheim,1,DE,1566696502,77,49.75,8.49,71.01,3.36
217,Beloha,29,MG,1566696503,85,-25.17,45.06,62.84,12.57
218,Bet Shemesh,40,IL,1566696505,83,31.75,34.99,78.8,5.82
219,Chilchota,50,MX,1566696506,89,19.85,-102.12,69.86,3.31
220,Westerland,5,NL,1566696508,82,52.89,4.93,68.0,5.82
221,Dunedin,70,NZ,1566696422,43,-45.87,170.5,59.0,5.99
222,Egvekinot,46,RU,1566696510,52,66.32,-179.17,58.88,4.54
223,Ginda,75,IN,1566696512,88,30.69,78.49,77.0,1.77
224,Victoria,75,BN,1566696364,78,5.28,115.24,86.0,3.36
225,Sven,8,RU,1566696514,95,53.18,34.55,55.64,4.03
226,Nouadhibou,12,MR,1566696516,94,20.93,-17.03,71.6,6.93
227,Rupert,1,US,1566696517,32,42.62,-113.68,87.8,6.93
228,Jeremie,51,HT,1566696521,74,18.65,-74.12,82.46,2.19
229,Namatanai,70,PG,1566696522,77,-3.66,152.44,81.02,10.33
230,Tarakan,40,ID,1566696524,88,3.3,117.63,82.4,4.7
231,Pestovo,0,RU,1566696525,82,55.36,37.98,60.01,8.95
232,Tymovskoye,100,RU,1566696527,95,50.85,142.66,49.16,2.15
233,Ginir,16,ET,1566696528,92,7.14,40.71,57.44,7.0
234,Bucerias,75,MX,1566696529,63,20.76,-105.33,91.4,10.71
235,Coihaique,20,CL,1566696531,93,-45.58,-72.07,39.2,6.93
236,Tuatapere,100,NZ,1566696532,96,-46.13,167.69,48.0,4.0
237,Fairlie,1,US,1566696533,78,33.31,-95.96,82.99,5.82
238,Carnarvon,0,ZA,1566696536,22,-30.97,22.13,55.64,7.07
239,Amberley,5,NZ,1566696537,42,-43.15,172.73,62.6,11.41
240,Lucapa,48,AO,1566696538,32,-8.42,20.74,65.54,3.22
241,Emerald,90,AU,1566696256,53,-23.53,148.16,72.0,8.05
242,Naryan-Mar,84,RU,1566696541,89,67.67,53.09,42.5,8.95
243,Tashigang,79,CN,1566696542,84,29.3,88.13,40.16,3.65
244,Juneau,90,US,1566696304,87,58.3,-134.42,64.4,6.93
245,Pangnirtung,99,CA,1566696545,72,66.15,-65.72,43.58,5.17
246,Fortuna,20,ES,1566696546,88,38.18,-1.13,73.99,4.7
247,Dingle,100,PH,1566696548,76,11.0,122.67,80.48,2.51
248,Kampong Thum,94,KH,1566696516,85,12.71,104.89,79.22,0.6
249,Nador,40,MA,1566696550,83,35.17,-2.93,75.2,6.93
250,Broken Hill,58,AU,1566696273,59,-31.97,141.45,51.8,18.34
251,Husavik,97,CA,1566696553,41,50.56,-96.99,79.0,8.99
252,Dedovichi,52,RU,1566696554,92,57.55,29.95,50.24,2.75
253,Burgeo,6,CA,1566696556,67,47.61,-57.61,59.06,16.62
254,Motygino,100,RU,1566696557,97,58.18,94.69,53.12,2.73
255,Pandan,100,PH,1566696558,79,11.72,122.09,82.1,5.84
256,Panshi,51,CN,1566696560,88,42.94,126.05,63.92,2.46
257,Wanning,96,AT,1566696561,82,48.64,13.53,66.0,3.36
258,Weligama,100,LK,1566696268,80,5.97,80.42,81.2,16.15
259,Erzin,0,TR,1566696564,88,36.95,36.2,81.0,9.17
260,Torbay,90,CA,1566696565,76,47.66,-52.73,52.0,14.99
261,Shadrinsk,15,RU,1566696566,89,56.09,63.63,50.24,4.9
262,Luba,100,PH,1566696568,87,17.32,120.7,77.06,4.09
263,Port Alfred,0,ZA,1566696569,62,-33.59,26.89,62.01,8.19
264,Nacala,0,MZ,1566696570,83,-14.56,40.69,67.7,8.46
265,Srivardhan,97,IN,1566696572,86,18.03,73.02,78.32,10.51
266,Salalah,75,OM,1566696573,94,17.01,54.1,78.8,4.7
267,Saint-Joseph,0,FR,1566696574,77,43.56,6.97,75.2,2.24
268,Sohbatpur,0,PK,1566696576,55,28.52,68.54,86.42,9.33
269,Marsh Harbour,97,BS,1566696529,76,26.54,-77.06,84.26,14.85
270,Gazli,0,UZ,1566696578,25,40.13,63.45,71.12,9.75
271,Khatanga,74,RU,1566696580,87,71.98,102.47,53.48,5.99
272,Mujiayingzi,9,CN,1566696581,64,42.12,118.78,66.08,9.78
273,Nishihara,20,JP,1566696583,61,35.74,139.53,86.0,3.36
274,Tessalit,77,ML,1566696584,53,20.2,1.01,84.8,17.47
275,Makokou,99,GA,1566696585,98,0.56,12.85,66.26,1.86
276,Ulkan,99,RU,1566696587,92,57.24,107.32,55.1,5.53
277,Khawhai,100,IN,1566696588,98,23.52,93.19,67.52,1.61
278,Matara,83,BI,1566696589,74,-3.48,29.48,53.12,0.72
279,Bara,100,NG,1566696591,95,10.41,10.6,68.42,3.78
280,Lagoa,0,PT,1566696592,88,37.14,-8.45,73.0,4.7
281,Brownwood,1,US,1566696594,65,31.71,-98.99,82.4,6.93
282,Esmeraldas,0,BR,1566696595,72,-19.76,-44.31,66.2,11.41
283,Sulangan,100,PH,1566696596,73,11.14,123.72,81.74,1.63
284,Saurimo,12,AO,1566696598,28,-9.66,20.4,62.12,4.59
285,Luanda,40,AO,1566696599,100,-8.83,13.24,68.0,2.24
286,Port Macquarie,0,AU,1566696600,29,-31.43,152.91,79.0,9.17
287,Oranjestad,20,AW,1566696398,79,12.52,-70.03,84.2,25.28
288,Talas,0,KG,1566696604,37,42.52,72.24,66.81,3.4
289,Guane,75,CU,1566696605,74,22.2,-84.09,84.43,6.15
290,Port-Gentil,96,GA,1566696607,87,-0.72,8.78,75.27,11.7
291,Buraydah,0,SA,1566696608,30,26.33,43.97,82.4,3.36
292,Port Lincoln,90,AU,1566696610,74,-34.72,135.86,52.37,12.15
293,Hambantota,75,LK,1566696612,100,6.12,81.12,77.0,5.82
294,Ishigaki,75,JP,1566696613,94,24.34,124.16,84.2,17.22
295,Chicama,90,PE,1566696614,88,-7.84,-79.15,62.6,9.17
296,Isla Mujeres,40,MX,1566696616,79,21.23,-86.73,84.2,4.7
297,Longkou,0,CN,1566696617,65,37.64,120.47,77.72,8.93
298,Naifaru,100,MV,1566696619,77,5.44,73.37,82.05,15.46
299,San Jose,40,HN,1566696620,65,14.25,-87.96,80.6,0.96
300,Kalanguy,34,RU,1566696621,73,51.01,116.52,65.01,9.19
301,Tateyama,20,JP,1566696623,48,36.66,137.31,86.0,9.17
302,Mariental,90,BR,1566696624,87,-25.72,-49.65,52.0,6.93
303,Dawei,100,MM,1566696629,89,14.07,98.19,79.12,14.47
304,Manokwari,75,ID,1566696630,79,-0.87,134.08,79.39,5.06
305,Clyde River,98,CA,1566696631,65,70.47,-68.59,45.42,3.67
306,Cabras,100,CO,1566696633,89,5.5,-75.6,59.0,0.45
307,Avera,90,US,1566696634,94,33.19,-82.53,78.8,11.41
308,Souillac,40,FR,1566696636,88,45.6,-0.6,68.0,6.93
309,Dire,6,ET,1566696637,84,9.18,38.92,51.04,2.89
310,Puerto Leguizamo,31,CO,1566696639,87,-0.19,-74.78,71.78,1.95
311,Nanakuli,90,US,1566696640,58,21.39,-158.15,89.6,14.99
312,Alabaster,1,US,1566696641,88,33.24,-86.82,78.01,3.36
313,Straumen,75,NO,1566696643,77,63.87,11.3,63.0,9.17
314,Asyut,0,EG,1566696647,50,27.18,31.19,77.0,8.34
315,Harper,40,US,1566696649,94,30.3,-99.24,77.0,3.74
316,Adrar,0,DZ,1566696650,15,27.87,-0.29,93.2,8.05
317,Tabou,100,CI,1566696652,91,4.42,-7.36,73.61,4.88
318,Jiuquan,56,CN,1566696654,25,39.73,98.49,74.1,2.08
319,Nome,1,US,1566696656,83,30.04,-94.42,84.0,4.7
320,Carauari,80,BR,1566696657,94,-4.88,-66.9,72.78,1.57
321,Mitsamiouli,0,KM,1566696658,80,-11.38,43.28,77.25,15.19
322,Dikson,100,RU,1566696660,96,73.51,80.55,40.73,12.88
323,Bloemfontein,0,ZA,1566696661,51,-29.12,26.22,39.2,3.13
324,Lorengau,100,PG,1566696662,74,-2.02,147.27,84.3,11.83
325,Erenhot,0,CN,1566696663,31,43.65,111.97,81.6,17.11
326,Perivolion,0,GR,1566696665,73,39.42,20.01,81.0,2.24
327,Salym,98,RU,1566696666,87,60.06,71.48,52.66,8.14
328,Flinders,40,AU,1566696667,55,-34.58,150.85,73.0,13.87
329,Yarmouth,75,CA,1566696669,72,43.84,-66.12,63.0,14.99
330,Tasiilaq,100,GL,1566696670,75,65.61,-37.64,44.6,16.11
331,Palu,74,ID,1566696671,68,-0.9,119.87,84.56,5.88
332,Mortka,98,RU,1566696673,86,59.33,66.02,52.62,5.64
333,Chapais,1,CA,1566696674,87,49.78,-74.86,55.4,0.2
334,Zephyrhills,1,US,1566696675,78,28.23,-82.18,88.0,3.36
335,Yemelyanovo,0,RU,1566696677,87,56.17,92.69,59.0,11.18
336,Hamilton,20,CA,1566696678,67,43.26,-79.87,66.0,2.24
337,Alta Floresta,33,BR,1566696679,54,-9.87,-56.08,77.01,2.51
338,Yining,0,CN,1566696681,54,29.04,114.56,90.41,7.16
339,Aden,3,YE,1566696682,66,12.79,45.03,86.7,0.69
340,Nova Soure,100,BR,1566696681,97,-11.24,-38.48,65.46,4.21
341,Halifax,5,CA,1566696443,81,44.65,-63.58,59.0,8.05
342,Itoman,40,JP,1566696686,70,26.12,127.67,87.8,16.11
343,Shahreza,0,IR,1566696687,23,32.01,51.87,58.4,2.75
344,Palmer,20,AU,1566696688,62,-34.85,139.16,57.0,10.29
345,Misratah,0,LY,1566696690,73,32.38,15.09,80.58,5.61
346,Agdas,17,AZ,1566696691,63,40.65,47.48,60.8,3.36
347,Thongwa,90,MM,1566696693,100,16.76,96.52,77.0,6.93
348,Santa Cruz,23,BR,1566696628,81,-6.22,-36.02,69.51,17.25
349,Ambilobe,9,MG,1566696695,72,-13.19,49.05,67.46,6.85
350,Khash,0,IR,1566696697,16,28.22,61.21,71.09,4.25
351,Nueva Loja,79,EC,1566696698,82,0.08,-76.88,69.72,2.75
352,Rawicz,0,PL,1566696699,77,51.61,16.87,66.0,1.12
353,San Cristobal,8,HN,1566696701,84,14.68,-86.92,68.82,4.54
354,Lavrentiya,61,RU,1566696702,51,65.58,-170.99,58.89,9.6
355,Te Anau,100,NZ,1566696703,87,-45.41,167.72,42.47,6.58
356,Port-Cartier,5,CA,1566696710,71,50.03,-66.88,57.0,8.05
357,Viedma,83,AR,1566696711,68,-40.81,-62.99,56.35,12.44
358,Saint-Francois,32,FR,1566696712,93,46.42,3.91,59.0,2.24
359,Troitsko-Pechorsk,100,RU,1566696714,88,62.71,56.19,48.38,4.79
360,Pitlochry,75,GB,1566696715,100,56.7,-3.73,57.99,4.7
361,Rodrigues Alves,0,BR,1566696716,70,-7.74,-72.65,74.85,3.4
362,Sungaipenuh,100,ID,1566696718,70,-2.08,101.38,81.66,3.78
363,Xuddur,90,SO,1566696719,76,4.12,43.89,73.22,18.1
364,Rio Gallegos,0,AR,1566696491,80,-51.62,-69.22,35.6,6.93
365,Mackay,75,CA,1566696722,82,53.65,-115.58,59.0,10.29
366,Ust-Omchug,100,RU,1566696723,67,61.13,149.63,53.42,6.69
367,Vao,54,EE,1566696724,93,59.1,26.19,52.32,4.23
368,Quatre Cocos,75,MU,1566696726,88,-20.21,57.76,69.8,14.99
369,Sao Jose da Coroa Grande,33,BR,1566696727,96,-8.9,-35.15,68.9,2.3
370,Ukiah,1,US,1566696728,24,39.15,-123.21,93.2,6.93
371,Rabo de Peixe,75,PT,1566696730,94,37.8,-25.58,71.01,11.41
372,Kota Kinabalu,75,MY,1566696731,70,5.98,116.07,88.0,6.93
373,Caravelas,66,BR,1566696733,83,-17.73,-39.27,70.41,8.08
374,Vaitape,0,PF,1566696734,65,-16.52,-151.75,78.42,7.45
375,Kohat,20,PK,1566696735,65,33.6,71.44,82.4,4.7
376,Ahuimanu,40,US,1566696737,62,21.44,-157.84,89.6,14.99
377,Baykit,58,RU,1566696738,48,61.68,96.39,63.14,6.53
378,Bukachacha,0,RU,1566696739,53,52.99,116.91,68.93,6.62
379,Neryungri,41,RU,1566696741,46,56.66,124.71,73.09,6.04
380,Alingsas,0,SE,1566696742,93,57.93,12.53,57.99,8.05
381,Xucheng,48,CN,1566696743,75,33.0,118.51,82.14,13.67
382,Decatur,40,US,1566696745,78,35.51,-84.79,78.8,4.7
383,Alegrete,95,BR,1566696746,92,-29.79,-55.79,52.64,14.63
384,Santa Lucia,0,IT,1566696747,64,41.98,12.66,75.0,4.7
385,Neudorfl,75,AT,1566696749,93,47.78,16.28,68.0,6.93
386,Two Rivers,1,US,1566696750,72,44.15,-87.57,64.4,6.85
387,Porbandar,52,IN,1566696751,73,21.64,69.61,81.89,10.38
388,Clarence Town,0,AU,1566696753,18,-32.59,151.78,75.99,9.17
389,Jiaohe,6,CN,1566696754,66,43.72,127.34,71.9,3.65
390,Yurecuaro,99,MX,1566696755,91,20.33,-102.3,62.6,1.43
391,Santa Rosa,14,AR,1566696757,72,-36.62,-64.29,53.99,10.76
392,Andros Town,75,BS,1566696758,88,24.73,-77.79,82.4,5.82
393,Lethem,2,GY,1566696759,80,3.38,-59.8,77.63,7.25
394,Mega,19,ET,1566696761,79,4.06,38.32,65.42,19.62
395,Muroto,75,JP,1566696762,73,33.37,134.14,77.0,3.36
396,Mitu,0,IR,1566696763,40,36.2,46.09,63.59,2.48
397,Biak,97,ID,1566696765,83,-0.91,122.88,69.45,5.64
398,Pontianak,40,ID,1566696766,88,-0.02,109.34,78.8,9.17
399,Zeya,66,RU,1566696767,49,53.74,127.27,72.23,5.23
400,Bodden Town,20,KY,1566696769,74,19.28,-81.25,84.2,5.82
401,Ketchikan,40,US,1566696620,67,55.34,-131.65,64.4,13.87
402,Russell,90,US,1566696771,83,38.9,-98.86,77.0,9.17
403,Aykhal,0,RU,1566696772,54,65.95,111.51,59.0,4.47
404,Luderitz,0,NA,1566696774,18,-26.65,15.16,71.6,2.24
405,Albanel,20,CA,1566696775,71,48.88,-72.44,59.0,5.82
406,Copperas Cove,1,US,1566696635,78,31.12,-97.9,82.99,4.65
407,Buala,100,SB,1566696778,89,-8.15,159.59,76.13,8.41
408,Mahon,75,IE,1566696779,87,51.89,-8.4,59.0,13.87
409,Iralaya,40,HN,1566696781,79,15.0,-83.23,84.2,8.05
410,Taoudenni,70,ML,1566696782,40,22.68,-3.98,89.96,6.31
411,Ferkessedougou,100,CI,1566696783,96,9.6,-5.2,67.83,8.03
412,Bull Savanna,0,JM,1566696785,74,17.89,-77.59,83.06,4.27
413,Sinop,20,TR,1566696786,88,42.03,35.15,70.0,8.37
414,Tuam,44,IE,1566696787,94,53.52,-8.85,60.01,5.14
415,Kabalo,44,CD,1566696789,40,-6.05,26.92,71.99,4.68
416,Turkan,0,AF,1566696790,30,35.6,68.92,61.12,2.08
417,Talnakh,75,RU,1566696791,93,69.49,88.39,55.4,8.95
418,Pangody,100,RU,1566696793,91,65.85,74.49,45.46,24.9
419,Tulun,94,RU,1566696794,87,54.56,100.58,54.98,11.48
420,Chapleau,40,CA,1566696795,76,47.85,-83.4,57.2,2.82
421,Loa Janan,77,ID,1566696797,80,-0.58,117.09,83.03,6.91
422,Bandarbeyla,0,SO,1566696798,63,9.49,50.81,78.24,25.72
423,Mandera,27,ET,1566696799,75,3.94,41.86,73.7,9.69
424,Khani,75,GE,1566696801,100,41.96,42.96,69.8,2.24
425,Namibe,67,AO,1566696802,82,-15.19,12.15,67.24,4.97
426,Luan,0,CH,1566696803,82,46.36,6.98,62.6,1.12
427,Solok,98,ID,1566696805,82,-0.79,100.66,75.18,3.62
428,Ostrovnoy,83,RU,1566696806,94,68.05,39.51,42.09,1.83
429,Lakeside,5,US,1566696530,48,32.86,-116.92,84.99,8.05
430,Ayan,0,IR,1566696809,50,38.23,44.7,54.69,0.74
431,Barcelos,94,BR,1566696810,85,-0.97,-62.93,75.2,2.59
432,Ornskoldsvik,100,SE,1566696812,93,63.29,18.72,57.2,4.7
433,Tiksi,94,RU,1566696813,88,71.64,128.87,49.02,13.35
434,Aksarka,100,RU,1566696814,66,66.56,67.8,45.46,14.81
435,Lakhdenpokhya,13,RU,1566696816,98,61.52,30.2,52.0,4.07
436,Manbij,0,SY,1566696817,37,36.53,37.96,68.0,6.46
437,Puerto Carreno,100,CO,1566696818,80,6.19,-67.49,77.79,3.65
438,Omboue,100,GA,1566696797,87,-1.57,9.26,74.48,7.7
439,South Lake Tahoe,1,US,1566696821,36,38.93,-119.98,93.2,13.87
440,Leningradskiy,76,RU,1566696822,87,69.38,178.42,42.51,8.25
441,De Aar,0,ZA,1566696824,27,-30.65,24.01,48.68,4.43
442,Paracuru,40,BR,1566696825,83,-3.41,-39.03,78.8,14.99
443,Maryborough,0,AU,1566696826,30,-25.54,152.7,79.28,1.74
444,Seymchan,0,RU,1566696828,46,62.93,152.39,68.66,12.17
445,Sitka,89,US,1566696829,68,37.17,-99.65,79.0,18.99
446,Hay River,40,CA,1566696831,87,60.82,-115.79,55.4,8.05
447,Vorobyevka,0,RU,1566696832,70,50.65,40.92,58.46,5.95
448,Zhicheng,65,CN,1566696833,59,35.04,112.59,78.85,11.14
449,Tual,99,ID,1566696835,81,-5.67,132.75,76.04,15.66
450,Kahului,40,US,1566696694,43,20.89,-156.47,89.6,23.04
451,Kampene,47,CD,1566696837,61,-3.59,26.67,73.41,2.53
452,Bilma,10,NE,1566696839,55,18.69,12.92,84.75,3.85
453,Richards Bay,0,ZA,1566696840,52,-28.77,32.06,69.13,19.95
454,Swellendam,0,ZA,1566696841,87,-34.02,20.44,48.2,5.82
455,Elko,1,US,1566696843,15,40.83,-115.76,93.2,17.22
456,Kloulklubed,90,PW,1566696844,88,7.04,134.26,78.8,13.87
457,Chifeng,31,CN,1566696845,44,42.27,118.96,75.18,2.55
458,Puerto El Triunfo,75,SV,1566696847,74,13.27,-88.55,84.2,5.82
459,Vardo,20,US,1566696848,56,39.62,-77.74,68.0,6.93
460,Pisco,90,PE,1566696730,82,-13.71,-76.2,61.0,12.75
461,Wageningen,19,NL,1566696851,77,51.98,5.66,66.0,3.36
462,Basco,1,US,1566696852,82,40.33,-91.2,69.8,9.42
463,Watrous,100,CA,1566696853,72,51.67,-105.46,67.4,10.47
464,Ixtapa,75,MX,1566696855,63,20.71,-105.21,91.4,9.33
465,Pedasi,100,PA,1566696856,89,7.53,-80.03,76.71,0.11
466,Kidal,37,ML,1566696858,56,18.44,1.41,85.33,6.71
467,Carmen del Parana,0,PY,1566696859,68,-27.23,-56.22,64.4,8.05
468,Japura,100,ID,1566696860,48,-0.42,102.29,87.81,5.21
469,Kavaratti,100,IN,1566696862,78,10.57,72.64,81.62,19.77
470,Manaquiri,0,BR,1566696863,69,-3.43,-60.46,82.4,4.7
471,Conceicao do Araguaia,77,BR,1566696765,34,-8.26,-49.26,79.35,1.45
472,Taltal,100,CL,1566696866,87,-25.41,-70.49,51.26,3.76
473,Kuusamo,90,FI,1566696867,100,65.96,29.19,39.2,1.12
474,Xixiang,40,CN,1566696868,74,22.58,113.87,87.8,8.95
475,Pearl Lagoon,2,NI,1566696870,98,12.34,-83.67,73.95,2.35
476,Algeciras,8,ES,1566696871,88,36.13,-5.45,75.2,16.11
477,Terra Nova,75,BR,1566696873,83,-12.41,-38.62,77.0,11.41
478,Goderich,0,CA,1566696874,82,43.74,-81.71,66.0,18.19
479,Kapit,68,MY,1566696875,62,2.02,112.94,88.46,0.92
480,Kamenka,8,MD,1566696877,75,48.03,28.7,62.01,5.39
481,The Pas,90,CA,1566696661,77,53.82,-101.24,69.8,4.7
482,Dunmore East,80,IE,1566696880,95,52.15,-6.99,63.0,2.59
483,Acapulco,75,MX,1566696881,79,16.86,-99.88,86.0,3.36
484,Ustka,0,PL,1566696883,74,54.58,16.86,63.35,8.01
485,Bundaberg,40,AU,1566696884,40,-24.87,152.35,77.0,4.7
486,Nemuro,20,JP,1566696885,64,43.32,145.57,69.8,11.41
487,Tigil,100,RU,1566696887,66,57.8,158.67,59.93,10.98
488,Casablanca,75,MA,1566696888,100,33.6,-7.62,75.0,8.05
489,Barao de Melgaco,0,BR,1566696889,37,-16.19,-55.97,84.2,1.12
490,Anamur,0,TR,1566696891,73,36.08,32.84,71.6,4.7
491,Bogandinskiy,0,RU,1566696892,93,56.89,65.89,53.01,6.71
492,Vigeland,93,NO,1566696893,100,58.46,8.52,60.01,3.36
493,Fort Nelson,75,CA,1566696895,42,58.81,-122.69,68.0,2.24
494,Berdigestyakh,22,RU,1566696896,48,62.1,126.7,70.44,1.95
495,Kalmunai,99,LK,1566696897,52,7.42,81.82,86.03,2.86
496,Puerto Escondido,75,MX,1566696899,74,15.86,-97.07,84.2,2.35
497,Taos,1,US,1566696721,21,36.41,-105.57,82.4,12.75
498,Tutoia,97,BR,1566696901,77,-2.76,-42.27,76.38,4.65
499,College,1,US,1566696666,36,64.86,-147.8,62.6,4.7
500,Samarinda,77,ID,1566696904,80,-0.5,117.14,83.03,6.91
501,Raudeberg,100,NO,1566696905,77,61.99,5.14,64.99,23.04
502,Corumba,88,BR,1566696907,27,-19.0,-57.65,84.52,5.73
503,Zabol,0,IR,1566696908,11,31.03,61.49,78.8,33.33
504,Caarapo,0,BR,1566696909,49,-22.63,-54.82,64.83,9.82
505,Vredendal,0,ZA,1566696911,75,-31.68,18.49,59.07,2.68
506,Kangaba,100,ML,1566696912,98,11.94,-8.41,69.9,3.85
507,Yumen,100,CN,1566696913,16,40.29,97.04,80.7,21.43
508,Sambava,41,MG,1566696915,75,-14.27,50.17,66.41,2.66
509,Morehead,1,US,1566696916,64,38.18,-83.43,68.0,4.7
510,Lasa,20,CY,1566696917,73,34.92,32.53,78.8,2.24
511,Cuamba,67,MZ,1566696919,87,-14.8,36.54,63.6,4.85
512,Markivka,0,UA,1566696920,80,49.52,39.57,64.09,9.86
513,Balkanabat,0,TM,1566696922,14,39.51,54.36,82.36,1.52
514,Klaksvik,34,FO,1566696923,93,62.23,-6.59,51.8,8.05
515,Grand Gaube,75,MU,1566696925,88,-20.01,57.66,69.8,14.99
516,La Libertad,0,PE,1566696926,24,-16.38,-71.56,55.4,4.7
517,Sao Felix do Xingu,55,BR,1566696927,63,-6.64,-51.99,73.68,1.36
518,Sola,99,TZ,1566696928,57,-3.17,33.8,68.28,8.84
519,Faya,5,SA,1566696930,88,18.39,42.45,68.0,1.16
520,Bondo,100,CD,1566696931,99,3.81,23.69,68.82,4.63
521,Patea,0,NZ,1566696933,68,-39.76,174.48,59.0,25.01
522,Sao Filipe,48,CV,1566696934,85,14.9,-24.5,78.65,13.8
523,Chunskiy,99,RU,1566696936,73,56.08,99.63,56.96,3.13
524,Saint-Louis,20,SN,1566696937,83,16.03,-16.5,80.6,6.93
525,Sawtell,0,AU,1566696938,29,-30.38,153.1,79.0,6.93
526,Broome,55,GB,1566696940,100,52.47,1.45,64.4,1.12
527,Atar,19,MR,1566696941,45,20.52,-13.05,82.23,10.89
528,Portland,90,US,1566696753,68,43.66,-70.25,66.2,2.84
529,Port Hedland,0,AU,1566696944,36,-20.31,118.58,78.8,3.36
530,Pacifica,90,US,1566696782,93,37.61,-122.49,75.2,4.7
531,Yamada,20,JP,1566696946,48,36.58,137.08,86.0,9.17
532,Batemans Bay,74,AU,1566696948,44,-35.71,150.18,62.01,3.0
533,Winnemucca,1,US,1566696949,11,40.97,-117.74,95.0,14.99
534,Gravelbourg,63,CA,1566696951,52,49.88,-106.56,68.79,6.2
535,Storsteinnes,100,NO,1566696952,100,69.24,19.23,42.8,14.99
536,Durham,0,GB,1566696954,100,54.78,-1.58,60.01,2.24
537,Lakes Entrance,41,AU,1566696955,58,-37.88,147.99,57.0,8.81
538,Sioux Lookout,20,CA,1566696719,64,50.1,-91.92,71.6,10.29
539,Valday,31,RU,1566696957,98,57.98,33.25,46.85,3.04
540,Hua Hin,20,TH,1566696959,83,12.57,99.96,80.6,3.36
541,Coruripe,100,BR,1566696960,94,-10.12,-36.18,67.06,3.85
542,Itaueira,21,BR,1566696961,37,-7.6,-43.03,77.36,7.07
543,Vostok,77,RU,1566696963,70,46.45,135.83,62.24,6.38
544,Grafton,0,AU,1566696964,31,-29.69,152.93,75.0,5.82
545,Diego de Almagro,100,CL,1566696965,81,-26.39,-70.05,52.44,1.32
546,Alofi,38,NU,1566696967,74,-19.06,-169.92,82.4,8.05
547,Singapore,75,MY,1566696968,79,1.29,103.85,84.2,3.36
548,Obera,0,AR,1566696969,82,-27.49,-55.12,58.33,3.56
549,San Patricio,0,PY,1566696963,74,-26.98,-56.83,57.21,5.68
550,The Valley,20,AI,1566696972,79,18.22,-63.06,84.2,13.87
551,Port Moresby,20,PG,1566696974,58,-9.47,147.16,82.4,11.41
552,Hofn,83,IS,1566696975,73,64.25,-15.21,38.03,7.61
553,Whitehorse,75,CA,1566696976,81,60.72,-135.06,51.01,5.82
554,Sahbuz,20,AZ,1566696978,41,39.41,45.57,75.2,2.24
555,Aklavik,90,CA,1566696979,57,68.22,-135.01,50.0,9.17
556,Road Town,20,VG,1566696980,79,18.42,-64.62,84.2,9.17
557,Sobolevo,0,RU,1566696982,93,54.43,31.9,53.52,4.27
558,Pasighat,0,IN,1566696850,51,28.06,95.33,87.22,0.96
559,Axim,100,GH,1566696984,88,4.87,-2.24,75.2,8.5
560,Willowmore,0,ZA,1566696986,48,-33.3,23.49,49.58,3.13
561,Yatou,75,CM,1566696987,100,3.63,9.81,73.4,3.36
562,Gravdal,97,NO,1566696988,77,59.79,5.78,66.0,11.41
563,Amapa,20,HN,1566696990,74,15.09,-87.97,84.2,9.17
564,Zeulenroda,36,DE,1566696991,88,50.65,11.98,66.99,1.12
565,Shepetivka,94,UA,1566696995,71,50.18,27.07,55.4,6.13
